"2018-01-01",0,"KLH","EPO","L",0,0,0,0,1
"2018-01-01",0,"TRL","EPO","L",1,0,0,0,1
"2018-01-01",0,"OI","HAS","M",0,-7,0,0,1
"2018-01-01",0,"HEK","HEK","M",0,0,0,0,1
"2018-01-01",0,"JRS","HEK","L",0,0,0,0,1
"2018-01-01",0,"TOL","HEK","L",0,0,0,0,1
"2018-01-01",0,"TOL","HEK","M",0,0,0,-1,1
"2018-01-01",0,"HAS","HK","M",0,-8,0,-1,1
"2018-01-01",0,"TKL","HKH","L",3,0,1,0,2
"2018-01-01",0,"LH","HLT","M",0,-2,0,0,1
"2018-01-01",0,"HNA","HNA","L",2,0,0,0,1
"2018-01-01",0,"KRS","HNA","L",1,0,0,0,2
"2018-01-01",0,"RKL","HNA","L",0,0,0,0,1
"2018-01-01",0,"KHK","HPL","L",7,0,2,0,3
"2018-01-01",0,"TOM","HR","M",0,-3,0,-1,1
"2018-01-01",0,"HKH","HVK","L",1,0,0,0,1
"2018-01-01",0,"KVY","HVK","L",1,0,0,-1,2
"2018-01-01",0,"KR","IKO","M",0,0,2,0,1
"2018-01-01",0,"HKI","ILA","L",3,0,2,0,1
"2018-01-01",0,"PSL","ILA","L",2,0,0,0,2
"2018-01-01",0,"LTS","ITA","T",0,-17,0,-1,1
"2018-01-01",0,"HR","JR","M",0,-5,0,-2,1
"2018-01-01",0,"HEK","JRS","L",0,0,0,0,1
"2018-01-01",0,"HEK","JRS","M",0,0,0,0,1
"2018-01-01",0,"VKH","JRS","L",0,0,0,0,1
"2018-01-01",0,"LAA","JUT","M",0,-6,0,-1,1
"2018-01-01",0,"POH","KAN","L",5,0,0,0,1
"2018-01-01",0,"KIL","KEA","L",6,0,0,0,2
"2018-01-01",0,"KNI","KEA","L",0,0,0,0,1
"2018-01-01",0,"HK","KEK","M",0,-8,0,0,1
"2018-01-01",0,"ILA","KHK","L",5,0,0,-2,3
"2018-01-01",0,"KEA","KIL","L",0,0,0,0,1
"2018-01-01",0,"LPV","KIL","L",6,0,1,0,2
"2018-01-01",0,"KJR","KJR","T",0,-7,0,0,1
"2018-01-01",0,"STI","KKN","M",1,0,0,0,1
"2018-01-01",0,"EPO","KLH","L",0,0,0,-1,1
"2018-01-01",0,"MAS","KLH","L",0,0,0,0,1
"2018-01-01",0,"VJO","KN","T",0,-19,0,-1,1
"2018-01-01",0,"KEA","KNI","L",6,0,0,0,2
"2018-01-01",0,"KVH","KNI","L",0,0,0,0,1
"2018-01-01",0,"KTH","KPA","T",0,-6,0,-1,1
"2018-01-01",0,"HNA","KRS","L",1,0,1,0,1
"2018-01-01",0,"SAV","KRS","L",2,0,0,0,2
"2018-01-01",0,"UTI","KTH","T",0,-5,0,-1,1
"2018-01-01",0,"VIN","KU","T",0,-18,0,0,1
"2018-01-01",0,"KVT","KUV","T",0,-4,0,-1,1
"2018-01-01",0,"KUK","KV","T",0,-30,0,-2,1
"2018-01-01",0,"KVLA","KV","T",0,-10,0,-3,1
"2018-01-01",0,"KNI","KVH","L",1,0,0,0,1
"2018-01-01",0,"TRL","KVH","L",0,0,0,0,1
"2018-01-01",0,"KVLA","KVT","T",0,-5,0,0,1
"2018-01-01",0,"KVY","KVY","L",2,0,0,0,1
"2018-01-01",0,"RKL","KVY","L",1,0,0,-2,2
"2018-01-01",0,"HKI","KÄP","L",1,0,1,0,1
"2018-01-01",0,"OLK","KÄP","L",0,0,0,0,1
"2018-01-01",0,"PSL","KÄP","L",2,0,0,0,3
"2018-01-01",0,"JR","LAA","M",0,-5,0,0,1
"2018-01-01",0,"MRL","LAV","L",9,0,0,0,1
"2018-01-01",0,"MYR","LOH","L",9,0,0,0,1
"2018-01-01",0,"KIL","LPV","L",1,0,0,0,1
"2018-01-01",0,"MÄK","LPV","L",5,0,0,0,2
"2018-01-01",0,"MAT","LPÄ","T",0,-21,0,-1,1
"2018-01-01",0,"LRS","LR","T",0,-12,0,-2,1
"2018-01-01",0,"MKO","LRS","T",0,-10,1,0,1
"2018-01-01",0,"PRL","LTS","T",0,-16,0,-1,1
"2018-01-01",0,"KLH","MAS","L",0,0,0,0,1
"2018-01-01",0,"VKH","MAS","L",0,0,0,0,1
"2018-01-01",0,"VKH","MAS","M",0,-3,0,0,2
"2018-01-01",0,"JTS","MKO","T",0,-7,0,-1,1
"2018-01-01",0,"PMK","ML","L",6,0,0,0,4
"2018-01-01",0,"TNA","ML","L",1,0,0,0,1
"2018-01-01",0,"JUT","MLA","M",0,-6,0,0,1
"2018-01-01",0,"KAN","MLO","L",9,0,0,0,1
"2018-01-01",0,"LOH","MRL","L",9,0,0,0,1
"2018-01-01",0,"MLO","MYR","L",9,0,0,0,1
"2018-01-01",0,"LPV","MÄK","L",1,0,0,0,1
"2018-01-01",0,"PJM","MÄK","L",3,0,0,-2,2
"2018-01-01",0,"MLA","OI","M",0,-7,0,-1,1
"2018-01-01",0,"KÄP","OLK","L",3,0,0,0,4
"2018-01-01",0,"PMK","OLK","L",0,0,0,-1,1
"2018-01-01",0,"VMO","PJM","L",4,0,0,0,2
"2018-01-01",0,"TKL","PLA","L",2,0,1,0,1
"2018-01-01",0,"TNA","PLA","L",4,0,0,-1,3
"2018-01-01",0,"ML","PMK","L",1,0,0,0,1
"2018-01-01",0,"OLK","PMK","L",4,0,1,0,4
"2018-01-01",0,"HPL","POH","L",4,0,0,0,1
"2018-01-01",0,"HL","PRL","T",0,-15,0,-2,1
"2018-01-01",0,"HKI","PSL","L",5,0,1,0,5
"2018-01-01",0,"KÄP","PSL","L",0,0,0,0,1
"2018-01-01",0,"HNA","RKL","L",2,0,1,0,2
"2018-01-01",0,"KVY","RKL","L",0,0,0,-1,1
"2018-01-01",0,"KE","SAV","L",1,0,0,-1,2
"2018-01-01",0,"KRS","SAV","L",1,0,0,0,1
"2018-01-01",0,"VTR","SJ","T",0,-23,0,-1,1
"2018-01-01",0,"IKO","STI","M",1,0,1,0,1
"2018-01-01",0,"LR","TAP","T",0,-15,0,-3,1
"2018-01-01",0,"HKH","TKL","L",1,0,0,0,2
"2018-01-01",0,"PLA","TKL","L",7,0,2,0,3
"2018-01-01",0,"KU","TL","T",0,-19,0,-1,1
"2018-01-01",0,"ML","TNA","L",3,0,0,-4,4
"2018-01-01",0,"PLA","TNA","L",1,0,0,0,1
"2018-01-01",0,"HEK","TOL","L",0,0,0,0,1
"2018-01-01",0,"KKN","TOL","L",0,0,0,0,1
"2018-01-01",0,"KKN","TOL","M",1,0,0,0,2
"2018-01-01",0,"HLT","TOM","M",0,-2,0,0,1
"2018-01-01",0,"EPO","TRL","L",0,0,0,0,1
"2018-01-01",0,"KVH","TRL","L",1,0,0,0,1
"2018-01-01",0,"TAP","TRÄ","T",0,-15,0,0,1
"2018-01-01",0,"KUV","UTI","T",0,-4,0,0,1
"2018-01-01",0,"VKS","VEH","L",9,0,0,-1,1
"2018-01-01",0,"VIA","VIA","T",0,-21,0,0,1
"2018-01-01",0,"ITA","VIN","T",0,-18,0,-1,1
"2018-01-01",0,"RMA","VJO","T",0,-18,0,-1,1
"2018-01-01",0,"JRS","VKH","L",0,0,0,0,1
"2018-01-01",0,"JRS","VKH","M",0,-3,0,-2,2
"2018-01-01",0,"MAS","VKH","L",0,0,0,-1,1
"2018-01-01",0,"LAV","VKS","L",10,0,1,0,1
"2018-01-01",0,"HPL","VMO","L",4,0,0,0,2
"2018-01-01",0,"LPÄ","VTR","T",0,-22,0,-1,1
"2018-01-01",1,"KKI","AHV","T",0,-12,0,0,1
"2018-01-01",1,"JP","AIN","L",1,0,1,0,1
"2018-01-01",1,"HY","ARP","L",1,0,0,0,1
"2018-01-01",1,"RI","ARP","L",0,0,0,0,1
"2018-01-01",1,"ASO","ASO","L",5,0,0,0,1
"2018-01-01",1,"HVK","ASO","L",3,0,0,-1,1
"2018-01-01",1,"LNÄ","ASO","L",8,0,0,0,2
"2018-01-01",1,"RSM","AVP","L",12,0,0,0,2
"2018-01-01",1,"VMS","AVP","L",6,0,0,0,2
"2018-01-01",1,"KLH","EPO","L",1,0,0,0,1
"2018-01-01",1,"KLH","EPO","M",0,-6,0,-1,2
"2018-01-01",1,"TRL","EPO","L",12,0,0,0,2
"2018-01-01",1,"HEK","HEK","L",0,0,0,0,1
"2018-01-01",1,"JRS","HEK","L",8,0,0,0,2
"2018-01-01",1,"TOL","HEK","M",2,0,0,-1,1
"2018-01-01",1,"KVY","HKH","M",0,-1,0,-1,1
"2018-01-01",1,"TKL","HKH","L",14,0,0,0,5
"2018-01-01",1,"HLT","HLT","T",0,-13,0,0,1
"2018-01-01",1,"HNA","HNA","L",1,0,0,0,1
"2018-01-01",1,"KRS","HNA","L",1,0,0,0,1
"2018-01-01",1,"KRS","HNA","M",0,-1,0,-1,1
"2018-01-01",1,"RKL","HNA","L",2,0,0,0,2
"2018-01-01",1,"VMA","HNO","T",0,-7,0,0,1
"2018-01-01",1,"KY","HOS","T",0,-4,0,-2,1
"2018-01-01",1,"HPL","HPL","M",0,-2,0,0,1
"2018-01-01",1,"KHK","HPL","L",6,0,0,0,4
"2018-01-01",1,"POH","HPL","L",3,0,0,0,2
"2018-01-01",1,"VMO","HPL","L",0,0,0,0,1
"2018-01-01",1,"VMO","HPL","M",0,-11,0,-1,1
"2018-01-01",1,"TOM","HR","T",0,-12,1,0,1
"2018-01-01",1,"HKH","HVK","L",12,0,1,0,4
"2018-01-01",1,"HVK","HVK","L",8,0,0,0,2
"2018-01-01",1,"KVY","HVK","L",2,0,0,-1,2
"2018-01-01",1,"ARP","HY","L",0,0,0,0,1
"2018-01-01",1,"PLP","HY","L",1,0,0,0,1
"2018-01-01",1,"HKI","ILA","L",4,0,3,0,2
"2018-01-01",1,"KHK","ILA","L",2,0,0,0,2
"2018-01-01",1,"KHK","ILA","M",0,-12,1,0,2
"2018-01-01",1,"PSL","ILA","L",2,0,0,0,2
"2018-01-01",1,"PUR","JK","L",2,0,0,-1,1
"2018-01-01",1,"AIN","JP","L",2,0,0,0,1
"2018-01-01",1,"SAU","JP","L",0,0,0,-1,1
"2018-01-01",1,"VKH","JRS","L",8,0,0,0,2
"2018-01-01",1,"MKO","JTS","T",0,-15,0,-2,1
"2018-01-01",1,"NMÄ","KA","T",0,-10,0,0,1
"2018-01-01",1,"MLO","KAN","L",5,0,0,0,2
"2018-01-01",1,"POH","KAN","L",5,0,0,0,2
"2018-01-01",1,"KYT","KE","L",0,0,1,0,1
"2018-01-01",1,"SAV","KE","L",1,0,0,0,1
"2018-01-01",1,"KIL","KEA","L",6,0,0,0,2
"2018-01-01",1,"KNI","KEA","L",1,0,0,0,1
"2018-01-01",1,"KNI","KEA","M",0,-8,0,-1,2
"2018-01-01",1,"HPL","KHK","L",2,0,0,-1,2
"2018-01-01",1,"HPL","KHK","M",0,-11,0,0,1
"2018-01-01",1,"ILA","KHK","L",6,0,0,-2,4
"2018-01-01",1,"KEA","KIL","L",1,0,0,0,1
"2018-01-01",1,"KEA","KIL","M",0,-2,0,0,1
"2018-01-01",1,"KIL","KIL","M",0,-7,0,0,1
"2018-01-01",1,"LPV","KIL","L",5,0,0,0,2
"2018-01-01",1,"TA","KJR","T",0,-30,0,-2,1
"2018-01-01",1,"KN","KKI","T",0,-12,7,0,1
"2018-01-01",1,"EPO","KLH","L",10,0,0,-2,2
"2018-01-01",1,"MAS","KLH","L",1,0,1,0,1
"2018-01-01",1,"MAS","KLH","M",0,-5,0,-2,2
"2018-01-01",1,"KEA","KNI","L",6,0,0,0,2
"2018-01-01",1,"KVH","KNI","L",1,0,0,0,1
"2018-01-01",1,"KVH","KNI","M",0,-7,0,-1,2
"2018-01-01",1,"KJR","KPA","T",0,-31,0,-1,1
"2018-01-01",1,"KV","KRA","T",0,-7,2,0,1
"2018-01-01",1,"MJJ","KRR","T",0,-63,0,-3,1
"2018-01-01",1,"HNA","KRS","L",2,0,0,0,2
"2018-01-01",1,"SAV","KRS","L",2,0,1,0,2
"2018-01-01",1,"SAV","KRS","M",0,0,0,-1,1
"2018-01-01",1,"KPA","KTH","T",0,-32,0,-1,1
"2018-01-01",1,"RSM","KTÖ","L",6,0,0,0,2
"2018-01-01",1,"VEH","KTÖ","L",15,0,0,0,3
"2018-01-01",1,"UTI","KUV","T",0,-30,2,0,1
"2018-01-01",1,"KNI","KVH","L",11,0,0,-1,3
"2018-01-01",1,"TRL","KVH","L",1,0,0,0,1
"2018-01-01",1,"TRL","KVH","M",0,-6,0,0,2
"2018-01-01",1,"IKR","KVT","M",0,-10,3,0,1
"2018-01-01",1,"KUV","KVT","T",0,-31,0,-1,1
"2018-01-01",1,"RKL","KVY","L",2,0,0,-1,2
"2018-01-01",1,"RKL","KVY","M",0,0,0,0,1
"2018-01-01",1,"AIN","KYT","L",0,-1,0,-2,1
"2018-01-01",1,"KYT","KYT","L",2,0,0,0,1
"2018-01-01",1,"HKI","KÄP","L",3,0,0,0,2
"2018-01-01",1,"OLK","KÄP","L",8,-1,0,-2,4
"2018-01-01",1,"OLK","KÄP","M",0,-2,0,-1,1
"2018-01-01",1,"PSL","KÄP","L",0,0,0,0,1
"2018-01-01",1,"YLÖ","LAK","T",0,-43,0,-4,1
"2018-01-01",1,"SUO","LAU","M",8,0,0,-1,1
"2018-01-01",1,"MRL","LAV","L",7,0,0,0,2
"2018-01-01",1,"VKS","LAV","L",6,0,0,0,2
"2018-01-01",1,"LNÄ","LEN","L",8,0,0,0,2
"2018-01-01",1,"VMS","LEN","L",9,0,0,0,1
"2018-01-01",1,"VLH","LH","T",0,-13,0,-1,1
"2018-01-01",1,"KEM","LI","T",0,0,0,-3,1
"2018-01-01",1,"LI","LLA","T",0,0,0,0,1
"2018-01-01",1,"TPE","LLH","T",0,-22,0,-6,1
"2018-01-01",1,"ASO","LNÄ","L",3,0,0,0,1
"2018-01-01",1,"LEN","LNÄ","L",8,0,1,0,2
"2018-01-01",1,"MRL","LOH","L",5,0,0,-2,2
"2018-01-01",1,"MYR","LOH","L",6,0,1,0,2
"2018-01-01",1,"KIL","LPV","L",1,0,0,0,1
"2018-01-01",1,"KIL","LPV","M",0,-2,0,0,1
"2018-01-01",1,"MÄK","LPV","L",5,0,2,0,2
"2018-01-01",1,"VTR","LPÄ","T",0,-8,0,0,1
"2018-01-01",1,"TAP","LR","T",0,-13,0,-3,1
"2018-01-01",1,"LR","LRS","T",0,-13,0,0,1
"2018-01-01",1,"RAS","LÄ","T",0,-27,0,-4,1
"2018-01-01",1,"TA","LÄ","T",0,-8,0,0,1
"2018-01-01",1,"KLH","MAS","L",9,0,0,-1,2
"2018-01-01",1,"VKH","MAS","L",0,0,0,0,1
"2018-01-01",1,"LPÄ","MAT","T",0,-8,0,0,1
"2018-01-01",1,"LAK","MJJ","T",0,-56,0,-5,1
"2018-01-01",1,"KA","MKA","T",0,-11,0,-1,1
"2018-01-01",1,"LRS","MKO","T",0,-13,0,0,1
"2018-01-01",1,"PMK","ML","L",5,0,0,0,3
"2018-01-01",1,"TNA","ML","L",11,-1,1,-2,4
"2018-01-01",1,"TNA","ML","M",0,-2,0,0,1
"2018-01-01",1,"KAN","MLO","L",5,0,0,0,2
"2018-01-01",1,"MYR","MLO","L",5,0,0,0,2
"2018-01-01",1,"LAV","MRL","L",6,0,0,0,2
"2018-01-01",1,"LOH","MRL","L",7,0,0,0,2
"2018-01-01",1,"LOH","MYR","L",5,0,0,0,2
"2018-01-01",1,"MLO","MYR","L",5,0,0,0,2
"2018-01-01",1,"LPV","MÄK","L",1,0,0,0,1
"2018-01-01",1,"LPV","MÄK","M",0,-11,0,-1,2
"2018-01-01",1,"PJM","MÄK","L",3,0,0,-1,2
"2018-01-01",1,"SMÄ","NMÄ","T",0,-10,0,-1,1
"2018-01-01",1,"UKÄ","NSL","T",0,-11,0,0,1
"2018-01-01",1,"KÄP","OLK","L",3,0,0,-1,3
"2018-01-01",1,"PMK","OLK","L",8,-1,0,-2,4
"2018-01-01",1,"PMK","OLK","M",0,-2,0,0,1
"2018-01-01",1,"MÄK","PJM","L",1,0,0,0,1
"2018-01-01",1,"MÄK","PJM","M",0,-13,0,-2,2
"2018-01-01",1,"VMO","PJM","L",4,0,0,0,2
"2018-01-01",1,"TKL","PLA","L",11,0,1,0,4
"2018-01-01",1,"TKL","PLA","M",0,-1,0,0,1
"2018-01-01",1,"TNA","PLA","L",7,0,0,0,4
"2018-01-01",1,"JK","PLP","L",1,0,0,-1,1
"2018-01-01",1,"PLP","PLP","L",0,0,0,0,1
"2018-01-01",1,"ML","PMK","L",10,-1,0,-1,4
"2018-01-01",1,"ML","PMK","M",0,-2,0,0,1
"2018-01-01",1,"OLK","PMK","L",4,0,0,0,3
"2018-01-01",1,"HPL","POH","L",4,0,0,0,2
"2018-01-01",1,"KAN","POH","L",3,0,0,-2,2
"2018-01-01",1,"HKI","PSL","L",2,0,2,-1,4
"2018-01-01",1,"ILA","PSL","L",2,0,0,0,2
"2018-01-01",1,"ILA","PSL","M",0,-12,0,0,2
"2018-01-01",1,"KÄP","PSL","L",9,-1,0,0,4
"2018-01-01",1,"JK","PUR","L",0,-1,0,-1,1
"2018-01-01",1,"SAU","PUR","L",3,0,1,0,1
"2018-01-01",1,"JTS","RAH","T",0,-16,0,-1,1
"2018-01-01",1,"LÄ","RAS","T",0,-9,0,-1,1
"2018-01-01",1,"TRÄ","RAS","T",0,-18,0,-3,1
"2018-01-01",1,"RILA","RI","T",0,-17,0,-2,1
"2018-01-01",1,"HNA","RKL","L",1,0,0,0,1
"2018-01-01",1,"HNA","RKL","M",0,0,1,0,1
"2018-01-01",1,"KVY","RKL","L",2,0,0,0,2
"2018-01-01",1,"AVP","RSM","L",6,0,0,0,2
"2018-01-01",1,"KTÖ","RSM","L",16,0,0,0,3
"2018-01-01",1,"JP","SAU","L",2,0,0,0,1
"2018-01-01",1,"PUR","SAU","L",0,-1,0,0,1
"2018-01-01",1,"KE","SAV","L",0,0,0,-1,2
"2018-01-01",1,"KE","SAV","M",1,0,0,0,1
"2018-01-01",1,"KRS","SAV","L",3,0,0,-2,3
"2018-01-01",1,"KRA","SMÄ","T",0,-9,0,-2,1
"2018-01-01",1,"KRR","STÖ","T",0,-65,0,-2,1
"2018-01-01",1,"ÄKI","SUO","M",9,0,0,0,1
"2018-01-01",1,"LÄ","TA","T",0,-28,0,-1,1
"2018-01-01",1,"TRÄ","TAP","T",0,-10,0,0,1
"2018-01-01",1,"HKH","TKL","L",9,0,0,0,3
"2018-01-01",1,"HKH","TKL","M",0,-1,0,0,1
"2018-01-01",1,"PLA","TKL","L",9,0,2,0,4
"2018-01-01",1,"TL","TL","T",0,-10,0,0,1
"2018-01-01",1,"ML","TNA","L",5,0,0,0,3
"2018-01-01",1,"PLA","TNA","L",11,0,1,-1,4
"2018-01-01",1,"PLA","TNA","M",0,-2,0,-1,1
"2018-01-01",1,"HEK","TOL","L",8,0,0,0,2
"2018-01-01",1,"KKN","TOL","L",0,0,0,0,1
"2018-01-01",1,"KKN","TOL","M",3,0,0,0,1
"2018-01-01",1,"SJ","TPE","T",0,-25,0,-2,1
"2018-01-01",1,"VKA","TPET","T",0,-14,0,-13,2
"2018-01-01",1,"EPO","TRL","L",1,0,0,0,1
"2018-01-01",1,"EPO","TRL","M",0,-6,0,0,2
"2018-01-01",1,"KVH","TRL","L",12,0,0,0,3
"2018-01-01",1,"RAS","TRÄ","T",0,-10,0,-1,1
"2018-01-01",1,"LLA","TÖR","T",0,-2,0,-2,1
"2018-01-01",1,"MKA","UKÄ","T",0,-11,0,0,1
"2018-01-01",1,"KTH","UTI","T",0,-32,0,0,1
"2018-01-01",1,"KTÖ","VEH","L",6,0,0,0,2
"2018-01-01",1,"VKS","VEH","L",6,0,0,-1,2
"2018-01-01",1,"MAT","VIA","T",0,-9,0,-1,1
"2018-01-01",1,"JRS","VKH","L",0,0,0,0,1
"2018-01-01",1,"MAS","VKH","L",8,0,0,-2,2
"2018-01-01",1,"LAV","VKS","L",7,0,0,0,2
"2018-01-01",1,"VEH","VKS","L",6,0,0,0,2
"2018-01-01",1,"NSL","VLH","T",0,-12,0,-1,1
"2018-01-01",1,"ÄS","VMA","T",0,-7,2,0,1
"2018-01-01",1,"HPL","VMO","L",4,0,0,0,2
"2018-01-01",1,"PJM","VMO","L",0,0,0,-1,1
"2018-01-01",1,"PJM","VMO","M",0,-13,0,0,2
"2018-01-01",1,"AVP","VMS","L",9,0,0,-1,1
"2018-01-01",1,"LEN","VMS","L",6,0,1,0,2
"2018-01-01",1,"VMS","VMS","L",2,0,0,0,1
"2018-01-01",1,"LAU","VRI","M",7,0,0,-1,1
"2018-01-01",1,"SJ","VTR","T",0,-24,0,-1,2
"2018-01-01",1,"LLH","YLÖ","T",0,-25,0,-3,1
"2018-01-01",1,"AHV","ÄS","T",0,-10,2,0,1
"2018-01-01",2,"JP","AIN","L",1,0,1,0,1
"2018-01-01",2,"KYT","AIN","L",11,0,0,0,1
"2018-01-01",2,"RI","ARP","L",0,0,0,0,1
"2018-01-01",2,"HVK","ASO","L",3,0,0,-1,2
"2018-01-01",2,"LNÄ","ASO","L",9,0,0,-1,2
"2018-01-01",2,"RSM","AVP","L",16,0,0,0,3
"2018-01-01",2,"VMS","AVP","L",1,0,0,0,2
"2018-01-01",2,"KLH","EPO","L",1,0,1,0,1
"2018-01-01",2,"KLH","EPO","M",0,-3,0,-2,1
"2018-01-01",2,"TRL","EPO","L",3,0,0,0,2
"2018-01-01",2,"HK","HAS","T",0,-18,0,-1,1
"2018-01-01",2,"OI","HAS","T",0,-16,0,-1,1
"2018-01-01",2,"JRS","HEK","L",1,0,0,0,2
"2018-01-01",2,"TOL","HEK","L",1,0,0,0,1
"2018-01-01",2,"TOL","HEK","M",2,0,0,-1,1
"2018-01-01",2,"KV","HJ","T",0,-15,0,-2,1
"2018-01-01",2,"HAS","HK","T",0,-17,0,-1,1
"2018-01-01",2,"KEK","HK","T",0,-17,0,0,1
"2018-01-01",2,"HVK","HKH","L",8,0,0,0,1
"2018-01-01",2,"TKL","HKH","L",15,0,0,-1,4
"2018-01-01",2,"PRL","HL","T",0,-33,0,0,2
"2018-01-01",2,"TOM","HLT","T",0,-22,0,0,1
"2018-01-01",2,"KRS","HNA","L",1,0,0,0,2
"2018-01-01",2,"RKL","HNA","L",12,0,0,-1,2
"2018-01-01",2,"KHK","HPL","L",6,0,1,0,4
"2018-01-01",2,"POH","HPL","L",0,0,0,0,2
"2018-01-01",2,"VMO","HPL","L",0,0,0,0,1
"2018-01-01",2,"VMO","HPL","M",0,-8,0,-1,1
"2018-01-01",2,"JR","HR","T",0,-22,0,-1,1
"2018-01-01",2,"HL","HRV","T",0,-33,1,-1,2
"2018-01-01",2,"ASO","HVK","L",8,0,0,0,1
"2018-01-01",2,"HKH","HVK","L",17,0,0,0,4
"2018-01-01",2,"HVK","HVK","L",1,0,0,0,1
"2018-01-01",2,"KVY","HVK","L",0,0,0,-1,2
"2018-01-01",2,"ARP","HY","L",0,0,0,0,1
"2018-01-01",2,"HKI","ILA","L",4,0,4,0,2
"2018-01-01",2,"KHK","ILA","L",0,0,1,0,3
"2018-01-01",2,"KHK","ILA","M",0,-8,1,0,1
"2018-01-01",2,"PSL","ILA","L",2,0,0,0,2
"2018-01-01",2,"RAH","IMR","T",0,-16,0,0,1
"2018-01-01",2,"IMR","IMT","T",0,-9,7,0,1
"2018-01-01",2,"VIN","ITA","T",0,-31,0,-1,2
"2018-01-01",2,"YLV","JAL","T",0,-98,0,-4,1
"2018-01-01",2,"PLP","JK","L",0,0,0,0,1
"2018-01-01",2,"AIN","JP","L",12,0,1,0,1
"2018-01-01",2,"SAU","JP","L",0,0,0,0,1
"2018-01-01",2,"JR","JR","T",0,-14,0,0,1
"2018-01-01",2,"LAA","JR","T",0,-21,0,-1,1
"2018-01-01",2,"HEK","JRS","L",1,0,0,0,1
"2018-01-01",2,"HEK","JRS","M",1,0,0,-1,1
"2018-01-01",2,"VKH","JRS","L",1,0,0,0,2
"2018-01-01",2,"JUT","JUT","T",0,-20,0,0,1
"2018-01-01",2,"LAA","JUT","T",0,-14,0,0,1
"2018-01-01",2,"MLO","KAN","L",0,0,0,0,2
"2018-01-01",2,"POH","KAN","L",12,0,1,0,2
"2018-01-01",2,"NOA","KAU","T",0,-10,0,-1,1
"2018-01-01",2,"KYT","KE","L",0,0,1,0,1
"2018-01-01",2,"SAV","KE","L",11,0,0,-1,1
"2018-01-01",2,"KIL","KEA","L",4,0,0,-1,2
"2018-01-01",2,"KNI","KEA","L",0,0,0,-1,1
"2018-01-01",2,"KNI","KEA","M",0,-4,0,-1,1
"2018-01-01",2,"KEK","KEK","T",0,-16,0,0,1
"2018-01-01",2,"RI","KEK","T",0,-17,0,-1,1
"2018-01-01",2,"HPL","KHK","L",0,-2,0,-1,4
"2018-01-01",2,"HPL","KHK","M",0,-9,0,-1,1
"2018-01-01",2,"ILA","KHK","L",5,0,0,-1,4
"2018-01-01",2,"KEA","KIL","L",0,0,0,0,1
"2018-01-01",2,"KEA","KIL","M",0,-4,0,0,1
"2018-01-01",2,"LPV","KIL","L",4,0,1,0,2
"2018-01-01",2,"LMK","KIS","T",0,-75,0,-1,1
"2018-01-01",2,"KKI","KKI","M",17,0,0,0,1
"2018-01-01",2,"EPO","KLH","L",1,0,0,-2,2
"2018-01-01",2,"MAS","KLH","L",0,0,0,0,1
"2018-01-01",2,"MAS","KLH","M",0,-1,0,-1,1
"2018-01-01",2,"VJO","KN","M",18,0,0,0,1
"2018-01-01",2,"KEA","KNI","L",4,0,0,0,2
"2018-01-01",2,"KVH","KNI","L",0,0,0,0,1
"2018-01-01",2,"KVH","KNI","M",0,-3,0,0,1
"2018-01-01",2,"HNA","KRS","L",12,0,1,-1,2
"2018-01-01",2,"SAV","KRS","L",0,0,0,-1,2
"2018-01-01",2,"KRU","KRU","T",0,-8,0,0,1
"2018-01-01",2,"RSM","KTÖ","L",1,0,0,0,2
"2018-01-01",2,"VEH","KTÖ","L",12,0,0,0,2
"2018-01-01",2,"TL","KU","T",0,-20,0,-1,1
"2018-01-01",2,"KVLA","KV","T",0,-54,0,-4,2
"2018-01-01",2,"KNI","KVH","L",4,0,0,-1,2
"2018-01-01",2,"TRL","KVH","L",0,0,0,-1,1
"2018-01-01",2,"TRL","KVH","M",0,-3,0,0,1
"2018-01-01",2,"KVT","KVLA","T",0,-32,0,-2,1
"2018-01-01",2,"KVLA","KVT","T",6,0,1,0,1
"2018-01-01",2,"TRV","KVU","T",0,-6,0,-1,1
"2018-01-01",2,"RKL","KVY","L",1,0,0,0,2
"2018-01-01",2,"AIN","KYT","L",0,-1,0,-2,1
"2018-01-01",2,"KE","KYT","L",11,0,0,0,1
"2018-01-01",2,"HKI","KÄP","L",2,0,0,0,2
"2018-01-01",2,"OLK","KÄP","L",17,0,0,0,4
"2018-01-01",2,"PSL","KÄP","L",10,0,1,0,3
"2018-01-01",2,"LAV","LAV","L",1,0,0,0,1
"2018-01-01",2,"MRL","LAV","L",12,0,0,0,2
"2018-01-01",2,"VKS","LAV","L",0,0,0,0,1
"2018-01-01",2,"LNÄ","LEN","L",3,0,0,-1,2
"2018-01-01",2,"VMS","LEN","L",12,0,0,-2,2
"2018-01-01",2,"HLT","LH","T",0,-23,0,-1,1
"2018-01-01",2,"NRM","LIS","T",0,-12,2,0,1
"2018-01-01",2,"TU","LK","T",0,-13,0,0,1
"2018-01-01",2,"KAU","LLH","T",0,-6,4,0,1
"2018-01-01",2,"ASO","LNÄ","L",3,0,0,0,2
"2018-01-01",2,"LEN","LNÄ","L",10,0,1,0,2
"2018-01-01",2,"MRL","LOH","L",0,0,0,-1,2
"2018-01-01",2,"MYR","LOH","L",12,0,0,0,2
"2018-01-01",2,"KIL","LPV","L",1,0,1,0,1
"2018-01-01",2,"KIL","LPV","M",0,-5,0,-1,1
"2018-01-01",2,"MÄK","LPV","L",4,0,1,0,2
"2018-01-01",2,"VTR","LPÄ","T",0,-17,0,-1,1
"2018-01-01",2,"ITA","LTS","T",0,-32,0,-1,2
"2018-01-01",2,"KLH","MAS","L",2,0,0,0,2
"2018-01-01",2,"VKH","MAS","L",0,0,0,0,1
"2018-01-01",2,"LPÄ","MAT","T",0,-18,0,-1,1
"2018-01-01",2,"RLÄ","MD","T",0,-77,0,-1,1
"2018-01-01",2,"PMK","ML","L",12,0,0,-1,4
"2018-01-01",2,"TNA","ML","L",11,0,0,-2,4
"2018-01-01",2,"JUT","MLA","T",0,-15,0,-1,1
"2018-01-01",2,"OI","MLA","T",0,-19,0,0,1
"2018-01-01",2,"KAN","MLO","L",12,0,0,0,2
"2018-01-01",2,"MYR","MLO","L",0,0,0,0,2
"2018-01-01",2,"LAV","MRL","L",0,0,0,0,1
"2018-01-01",2,"LOH","MRL","L",12,0,0,0,2
"2018-01-01",2,"KVU","MUL","T",0,-9,0,-3,1
"2018-01-01",2,"LOH","MYR","L",0,0,0,0,2
"2018-01-01",2,"MLO","MYR","L",12,0,0,0,2
"2018-01-01",2,"LPV","MÄK","L",1,0,0,0,1
"2018-01-01",2,"LPV","MÄK","M",0,-6,0,-1,1
"2018-01-01",2,"PJM","MÄK","L",2,0,0,-1,2
"2018-01-01",2,"SIU","NOA","T",0,-9,0,0,1
"2018-01-01",2,"VLH","NSL","T",0,-25,0,-1,1
"2018-01-01",2,"HAS","OI","T",0,-19,0,-1,1
"2018-01-01",2,"MLA","OI","T",0,-15,0,0,1
"2018-01-01",2,"KÄP","OLK","L",12,0,0,-1,5
"2018-01-01",2,"PMK","OLK","L",12,0,1,0,4
"2018-01-01",2,"MÄK","PJM","L",1,0,0,-1,2
"2018-01-01",2,"MÄK","PJM","M",0,-7,0,-1,1
"2018-01-01",2,"VMO","PJM","L",2,0,0,-1,2
"2018-01-01",2,"VJR","PKK","T",0,-73,0,-1,1
"2018-01-01",2,"PKO","PKO","T",0,-74,0,0,1
"2018-01-01",2,"TKL","PLA","L",12,0,1,0,4
"2018-01-01",2,"TNA","PLA","L",12,0,0,-2,4
"2018-01-01",2,"HY","PLP","L",0,0,0,0,1
"2018-01-01",2,"PLP","PLP","L",11,0,0,0,1
"2018-01-01",2,"ML","PMK","L",10,0,0,-1,4
"2018-01-01",2,"OLK","PMK","L",11,0,0,0,4
"2018-01-01",2,"HPL","POH","L",2,0,0,-1,2
"2018-01-01",2,"KAN","POH","L",0,0,0,0,2
"2018-01-01",2,"LTS","PRL","T",0,-33,0,-1,2
"2018-01-01",2,"HKI","PSL","L",2,0,2,0,4
"2018-01-01",2,"ILA","PSL","L",0,0,0,0,3
"2018-01-01",2,"ILA","PSL","M",0,-8,0,0,1
"2018-01-01",2,"KÄP","PSL","L",11,0,1,-1,3
"2018-01-01",2,"PUR","PUR","L",13,-1,0,0,2
"2018-01-01",2,"SAM","RI","T",0,-10,4,0,1
"2018-01-01",2,"IMT","RJÄ","T",0,-17,0,-5,1
"2018-01-01",2,"HNA","RKL","L",1,0,0,0,2
"2018-01-01",2,"KVY","RKL","L",12,0,0,-1,2
"2018-01-01",2,"KIS","RLÄ","T",0,-76,0,-1,1
"2018-01-01",2,"AVP","RSM","L",1,0,0,0,2
"2018-01-01",2,"KTÖ","RSM","L",12,0,0,0,2
"2018-01-01",2,"RY","RY","T",0,-14,0,0,1
"2018-01-01",2,"JP","SAU","L",13,0,1,0,1
"2018-01-01",2,"KE","SAV","L",0,0,0,-1,2
"2018-01-01",2,"KRS","SAV","L",12,0,0,-1,2
"2018-01-01",2,"SNM","SIU","T",0,-9,0,0,1
"2018-01-01",2,"RJÄ","SPL","T",0,-21,0,-4,1
"2018-01-01",2,"HJ","SPÄ","T",0,-16,0,-1,1
"2018-01-01",2,"HKH","TKL","L",10,0,0,-2,5
"2018-01-01",2,"PLA","TKL","L",15,0,2,0,4
"2018-01-01",2,"VIA","TL","T",0,-19,0,-1,1
"2018-01-01",2,"ML","TNA","L",10,0,0,-3,4
"2018-01-01",2,"PLA","TNA","L",12,0,1,-1,4
"2018-01-01",2,"HEK","TOL","L",1,0,0,0,2
"2018-01-01",2,"KKN","TOL","L",0,0,0,0,1
"2018-01-01",2,"KKN","TOL","M",3,0,0,0,1
"2018-01-01",2,"HR","TOM","T",0,-22,0,0,1
"2018-01-01",2,"EPO","TRL","L",0,0,0,-1,1
"2018-01-01",2,"EPO","TRL","M",0,-3,0,0,1
"2018-01-01",2,"KVH","TRL","L",2,0,0,0,1
"2018-01-01",2,"TÖR","TRV","T",0,-5,0,-3,1
"2018-01-01",2,"HRV","TU","T",0,-35,0,-2,2
"2018-01-01",2,"KTÖ","VEH","L",1,0,0,0,2
"2018-01-01",2,"VKS","VEH","L",12,0,0,0,2
"2018-01-01",2,"SPÄ","VHJ","T",0,-17,0,-1,1
"2018-01-01",2,"MAT","VIA","T",0,-18,0,0,1
"2018-01-01",2,"KU","VIN","T",0,-30,0,0,2
"2018-01-01",2,"RMA","VJO","M",18,0,0,-1,1
"2018-01-01",2,"STÖ","VJR","T",0,-80,0,-2,1
"2018-01-01",2,"JRS","VKH","L",0,0,0,-1,1
"2018-01-01",2,"MAS","VKH","L",1,0,0,-1,2
"2018-01-01",2,"VKH","VKH","M",1,0,0,0,1
"2018-01-01",2,"LAV","VKS","L",12,0,0,0,2
"2018-01-01",2,"VEH","VKS","L",1,0,0,0,2
"2018-01-01",2,"LH","VLH","T",0,-24,0,-1,1
"2018-01-01",2,"HPL","VMO","L",3,0,0,0,2
"2018-01-01",2,"PJM","VMO","L",0,0,0,-1,1
"2018-01-01",2,"PJM","VMO","M",0,-7,0,0,1
"2018-01-01",2,"AVP","VMS","L",16,0,0,0,3
"2018-01-01",2,"LEN","VMS","L",1,0,0,0,2
"2018-01-01",2,"LIS","VSL","T",0,-12,0,0,1
"2018-01-01",2,"MD","YLV","T",0,-80,0,-3,1
"2018-01-01",3,"HY","ARP","L",11,0,0,0,1
"2018-01-01",3,"RI","ARP","M",5,0,0,0,1
"2018-01-01",3,"RIT","ARP","T",0,-32,0,-2,1
"2018-01-01",3,"ASO","ASO","L",0,0,0,0,1
"2018-01-01",3,"HVK","ASO","L",2,0,0,-1,1
"2018-01-01",3,"LNÄ","ASO","L",0,0,0,-1,1
"2018-01-01",3,"ENO","ENO","T",0,-14,0,0,1
"2018-01-01",3,"KLH","EPO","L",3,0,1,0,1
"2018-01-01",3,"KLH","EPO","M",0,-2,0,0,1
"2018-01-01",3,"TRL","EPO","L",6,0,0,0,2
"2018-01-01",3,"HEK","HEK","M",3,0,0,0,1
"2018-01-01",3,"JRS","HEK","L",5,0,0,-1,2
"2018-01-01",3,"TOL","HEK","L",1,0,0,0,1
"2018-01-01",3,"KV","HJ","T",0,-20,0,-1,1
"2018-01-01",3,"HVK","HKH","L",2,0,2,0,2
"2018-01-01",3,"TKL","HKH","L",8,0,0,0,2
"2018-01-01",3,"PM","HKO","M",0,-8,0,0,1
"2018-01-01",3,"VHJ","HLS","T",0,-43,0,-3,2
"2018-01-01",3,"KRS","HNA","L",0,0,0,0,1
"2018-01-01",3,"RKL","HNA","L",8,0,0,0,2
"2018-01-01",3,"KY","HOS","T",0,-2,0,-4,1
"2018-01-01",3,"KHK","HPL","L",2,0,0,0,2
"2018-01-01",3,"POH","HPL","L",1,0,0,0,1
"2018-01-01",3,"VMO","HPL","L",0,0,0,0,1
"2018-01-01",3,"VMO","HPL","M",0,-9,0,0,1
"2018-01-01",3,"ASO","HVK","L",0,0,0,0,1
"2018-01-01",3,"HKH","HVK","L",12,0,1,0,3
"2018-01-01",3,"KVY","HVK","L",0,0,0,-1,1
"2018-01-01",3,"TKP","HVN","M",60,0,0,0,1
"2018-01-01",3,"JVS","HVS","T",4,0,0,-3,1
"2018-01-01",3,"ARP","HY","M",7,0,2,0,1
"2018-01-01",3,"PLP","HY","L",9,0,0,-1,1
"2018-01-01",3,"HKI","ILA","L",2,0,2,0,1
"2018-01-01",3,"KHK","ILA","L",0,0,1,0,3
"2018-01-01",3,"KHK","ILA","M",0,-8,1,0,1
"2018-01-01",3,"PSL","ILA","L",0,0,0,-1,1
"2018-01-01",3,"PUR","JK","L",11,0,0,-2,1
"2018-01-01",3,"AIN","JP","L",8,0,0,0,1
"2018-01-01",3,"HEK","JRS","L",1,0,0,0,1
"2018-01-01",3,"HEK","JRS","M",1,0,0,-1,1
"2018-01-01",3,"VKH","JRS","L",1,0,0,-1,1
"2018-01-01",3,"MKA","KA","T",0,-27,0,-1,1
"2018-01-01",3,"MLO","KAN","L",2,0,1,0,1
"2018-01-01",3,"POH","KAN","L",1,0,0,0,1
"2018-01-01",3,"SAV","KE","L",7,0,0,0,1
"2018-01-01",3,"KEA","KEA","M",0,-5,0,0,1
"2018-01-01",3,"KIL","KEA","L",2,0,0,-1,1
"2018-01-01",3,"KNI","KEA","L",3,0,0,0,1
"2018-01-01",3,"HPL","KHK","L",0,0,0,-1,2
"2018-01-01",3,"HPL","KHK","M",0,-9,0,0,1
"2018-01-01",3,"ILA","KHK","L",2,0,0,-1,2
"2018-01-01",3,"HLS","KII","T",0,-48,0,-5,2
"2018-01-01",3,"KIJ","KIJ","T",0,-27,1,0,1
"2018-01-01",3,"KEA","KIL","L",3,0,0,0,1
"2018-01-01",3,"LPV","KIL","L",2,0,0,0,1
"2018-01-01",3,"KPA","KJR","T",0,-16,0,-3,1
"2018-01-01",3,"EPO","KLH","L",4,0,0,-2,2
"2018-01-01",3,"MAS","KLH","L",2,0,0,0,1
"2018-01-01",3,"MAS","KLH","M",0,-2,0,-2,1
"2018-01-01",3,"NOK","KML","M",57,0,1,0,1
"2018-01-01",3,"KEA","KNI","L",3,0,0,0,1
"2018-01-01",3,"KVH","KNI","L",3,0,0,0,1
"2018-01-01",3,"KTH","KPA","T",0,-13,0,-1,1
"2018-01-01",3,"SMÄ","KRA","T",0,-30,0,-1,1
"2018-01-01",3,"HNA","KRS","L",8,0,1,-1,2
"2018-01-01",3,"SAV","KRS","L",0,0,0,0,1
"2018-01-01",3,"HNO","KRU","M",12,0,0,-2,1
"2018-01-01",3,"UTI","KTH","T",0,-12,0,0,1
"2018-01-01",3,"SR","KTI","T",0,-28,0,-2,1
"2018-01-01",3,"RSM","KTÖ","L",1,0,0,0,1
"2018-01-01",3,"VEH","KTÖ","L",1,0,0,0,1
"2018-01-01",3,"KVT","KUV","T",0,-11,0,0,1
"2018-01-01",3,"KRA","KV","T",0,-29,1,0,1
"2018-01-01",3,"KNI","KVH","L",3,0,0,0,1
"2018-01-01",3,"KVH","KVH","M",0,-3,0,0,1
"2018-01-01",3,"TRL","KVH","L",3,0,0,0,1
"2018-01-01",3,"KVLA","KVT","T",0,-11,0,-3,1
"2018-01-01",3,"RKL","KVY","L",0,0,0,0,1
"2018-01-01",3,"KYT","KYT","L",7,0,0,0,1
"2018-01-01",3,"OLK","KÄP","L",1,0,0,-1,4
"2018-01-01",3,"PSL","KÄP","L",0,0,0,0,2
"2018-01-01",3,"MRL","LAV","L",1,0,0,0,1
"2018-01-01",3,"VKS","LAV","L",2,0,0,0,1
"2018-01-01",3,"LNÄ","LEN","L",2,0,0,0,1
"2018-01-01",3,"VMS","LEN","L",1,0,0,-2,2
"2018-01-01",3,"RY","LK","T",0,-22,0,-1,1
"2018-01-01",3,"TU","LK","T",0,-23,0,-1,1
"2018-01-01",3,"KML","LKA","M",61,0,0,-1,1
"2018-01-01",3,"LKL","LKL","T",0,-42,0,0,1
"2018-01-01",3,"KAU","LLH","M",3,0,0,-1,1
"2018-01-01",3,"ASO","LNÄ","L",2,0,0,0,1
"2018-01-01",3,"LEN","LNÄ","L",0,0,0,0,2
"2018-01-01",3,"MRL","LOH","L",1,0,0,-1,1
"2018-01-01",3,"MYR","LOH","L",1,0,0,0,1
"2018-01-01",3,"KIL","LPV","L",4,0,1,0,1
"2018-01-01",3,"KIL","LPV","M",0,-7,0,-1,1
"2018-01-01",3,"MÄK","LPV","L",2,0,1,0,1
"2018-01-01",3,"PLU","LYÖ","T",0,-102,0,0,1
"2018-01-01",3,"TA","LÄ","T",0,-19,0,-2,1
"2018-01-01",3,"KLH","MAS","L",6,0,2,0,2
"2018-01-01",3,"VKH","MAS","L",1,0,0,0,1
"2018-01-01",3,"VKH","MAS","M",0,0,0,0,1
"2018-01-01",3,"OT","MI","T",0,-44,0,0,1
"2018-01-01",3,"UKÄ","MKA","T",0,-26,0,-1,1
"2018-01-01",3,"PMK","ML","L",5,0,0,0,3
"2018-01-01",3,"TNA","ML","L",2,0,0,-2,4
"2018-01-01",3,"KAN","MLO","L",1,0,0,0,1
"2018-01-01",3,"MYR","MLO","L",1,0,0,0,1
"2018-01-01",3,"KII","MR","T",0,-59,0,-7,2
"2018-01-01",3,"LAV","MRL","L",2,0,0,0,1
"2018-01-01",3,"LOH","MRL","L",2,0,1,0,1
"2018-01-01",3,"LOH","MYR","L",1,0,0,0,1
"2018-01-01",3,"MLO","MYR","L",1,0,0,0,1
"2018-01-01",3,"MR","MYT","T",0,-41,0,-2,1
"2018-01-01",3,"LPV","MÄK","M",0,-8,0,-1,1
"2018-01-01",3,"PJM","MÄK","L",1,0,0,0,1
"2018-01-01",3,"KA","NMÄ","T",0,-28,0,-1,1
"2018-01-01",3,"NOA","NOA","M",10,0,4,0,1
"2018-01-01",3,"KÄP","OLK","L",1,0,0,0,2
"2018-01-01",3,"PMK","OLK","L",1,0,0,-1,4
"2018-01-01",3,"HVS","OV","T",4,0,0,-1,1
"2018-01-01",3,"MÄK","PJM","M",0,-8,0,0,1
"2018-01-01",3,"VMO","PJM","L",1,0,0,0,1
"2018-01-01",3,"TKL","PLA","L",3,0,2,0,4
"2018-01-01",3,"TNA","PLA","L",6,0,0,0,2
"2018-01-01",3,"JK","PLP","L",10,0,0,-2,1
"2018-01-01",3,"PSJ","PLU","T",0,-102,0,-2,1
"2018-01-01",3,"ML","PMK","L",1,0,0,-1,4
"2018-01-01",3,"OLK","PMK","L",4,0,0,0,3
"2018-01-01",3,"HPL","POH","L",1,0,0,0,1
"2018-01-01",3,"KAN","POH","L",1,0,0,0,1
"2018-01-01",3,"JAL","PSJ","T",0,-100,0,-2,1
"2018-01-01",3,"HKI","PSL","L",1,0,1,-1,3
"2018-01-01",3,"ILA","PSL","L",1,0,1,0,3
"2018-01-01",3,"ILA","PSL","M",0,-8,0,0,1
"2018-01-01",3,"KÄP","PSL","L",10,0,1,-1,5
"2018-01-01",3,"SAU","PUR","L",13,0,0,0,1
"2018-01-01",3,"KTI","PUS","T",0,-32,0,-4,1
"2018-01-01",3,"LÄ","RAS","T",0,-20,0,-1,1
"2018-01-01",3,"RILA","RI","T",0,-21,0,-62,1
"2018-01-01",3,"SAM","RI","T",0,-25,0,0,1
"2018-01-01",3,"RILA","RIT","T",0,-11,0,0,1
"2018-01-01",3,"HNA","RKL","L",0,0,0,0,1
"2018-01-01",3,"KVY","RKL","L",7,0,0,-1,2
"2018-01-01",3,"HY","RM","M",4,0,0,-3,1
"2018-01-01",3,"MUL","ROI","T",0,-10,0,-1,1
"2018-01-01",3,"AVP","RSM","L",1,0,0,0,1
"2018-01-01",3,"RSM","RSM","L",1,0,0,0,1
"2018-01-01",3,"LK","RY","T",0,-23,0,0,1
"2018-01-01",3,"SAM","RY","T",0,-21,0,-1,1
"2018-01-01",3,"RI","SAM","T",0,-20,0,-69,1
"2018-01-01",3,"RY","SAM","T",0,-25,0,-2,1
"2018-01-01",3,"JP","SAU","L",13,0,1,0,1
"2018-01-01",3,"KE","SAV","L",0,0,0,0,1
"2018-01-01",3,"KRS","SAV","L",8,0,0,-1,2
"2018-01-01",3,"SNM","SIU","M",12,0,0,0,1
"2018-01-01",3,"SKI","SK","T",0,-110,0,-6,1
"2018-01-01",3,"LYÖ","SKI","T",0,-104,0,-2,1
"2018-01-01",3,"NMÄ","SMÄ","T",0,-29,0,-1,1
"2018-01-01",3,"KRU","SNM","M",12,0,0,0,1
"2018-01-01",3,"HJ","SPÄ","T",0,-21,0,-1,1
"2018-01-01",3,"PAR","SR","T",0,-26,3,0,1
"2018-01-01",3,"KJR","TA","T",0,-17,0,-1,1
"2018-01-01",3,"HKH","TKL","L",2,0,0,0,3
"2018-01-01",3,"PLA","TKL","L",6,0,0,-1,2
"2018-01-01",3,"LKA","TKP","M",60,0,0,-1,1
"2018-01-01",3,"ML","TNA","L",5,0,0,-1,3
"2018-01-01",3,"PLA","TNA","L",3,0,1,-1,4
"2018-01-01",3,"HEK","TOL","L",5,0,0,0,2
"2018-01-01",3,"KKN","TOL","L",1,0,1,0,1
"2018-01-01",3,"KKN","TOL","M",3,0,0,0,1
"2018-01-01",3,"LLH","TPE","T",8,0,6,0,1
"2018-01-01",3,"OV","TRK","T",1,0,0,-3,1
"2018-01-01",3,"EPO","TRL","L",2,0,0,0,1
"2018-01-01",3,"EPO","TRL","M",0,-3,0,-1,1
"2018-01-01",3,"KVH","TRL","L",5,0,0,0,2
"2018-01-01",3,"VSL","UIM","T",0,-14,0,-2,1
"2018-01-01",3,"NSL","UKÄ","T",0,-25,0,0,1
"2018-01-01",3,"KUV","UTI","T",0,-12,0,-1,1
"2018-01-01",3,"HKO","VAR","M",0,-6,2,0,1
"2018-01-01",3,"KTÖ","VEH","L",1,0,0,0,1
"2018-01-01",3,"VKS","VEH","L",1,0,0,0,1
"2018-01-01",3,"SPÄ","VHJ","T",0,-23,0,-2,1
"2018-01-01",3,"JRS","VKH","L",1,0,0,-1,1
"2018-01-01",3,"JRS","VKH","M",0,0,0,-1,1
"2018-01-01",3,"MAS","VKH","L",2,0,0,0,1
"2018-01-01",3,"VKH","VKH","L",4,0,0,0,1
"2018-01-01",3,"LAV","VKS","L",2,0,1,0,1
"2018-01-01",3,"VEH","VKS","L",2,0,1,0,1
"2018-01-01",3,"VMA","VMA","M",22,0,0,0,1
"2018-01-01",3,"HPL","VMO","L",1,0,0,0,1
"2018-01-01",3,"PJM","VMO","L",0,0,0,0,1
"2018-01-01",3,"PJM","VMO","M",0,-9,0,-1,1
"2018-01-01",3,"AVP","VMS","L",1,0,0,0,1
"2018-01-01",3,"VMS","VMS","L",1,0,0,0,1
"2018-01-01",3,"AHV","ÄS","M",19,0,2,0,1
"2018-01-01",4,"TJA","AHO","M",56,0,0,-2,1
"2018-01-01",4,"JP","AIN","L",2,0,1,0,1
"2018-01-01",4,"JP","AIN","T",0,-38,0,-1,1
"2018-01-01",4,"ARP","ARP","L",9,0,0,0,1
"2018-01-01",4,"RI","ARP","L",0,0,0,0,1
"2018-01-01",4,"KNS","ELA","M",0,-9,0,-1,1
"2018-01-01",4,"TRL","EPO","L",4,0,0,0,1
"2018-01-01",4,"KSA","HAU","T",0,-133,0,-9,2
"2018-01-01",4,"JRS","HEK","L",2,0,0,-1,1
"2018-01-01",4,"TOL","HEK","M",2,0,0,-1,1
"2018-01-01",4,"HIR","HIR","T",0,-47,6,0,1
"2018-01-01",4,"HKH","HKH","M",0,-1,0,0,1
"2018-01-01",4,"TKL","HKH","L",10,0,0,0,2
"2018-01-01",4,"HRV","HL","T",0,-24,0,-1,1
"2018-01-01",4,"KRS","HNA","L",2,0,0,0,2
"2018-01-01",4,"RKL","HNA","L",9,0,0,0,2
"2018-01-01",4,"HNV","HNV","M",0,-5,0,0,1
"2018-01-01",4,"MSS","HOS","T",0,-17,0,-2,1
"2018-01-01",4,"HPL","HPL","M",0,-9,0,0,1
"2018-01-01",4,"KHK","HPL","L",2,0,1,0,1
"2018-01-01",4,"VMO","HPL","L",3,0,0,-1,1
"2018-01-01",4,"HL","HRV","M",0,-37,0,-1,1
"2018-01-01",4,"TU","HRV","T",0,-23,0,-1,1
"2018-01-01",4,"HSL","HSL","T",0,-73,0,0,1
"2018-01-01",4,"HKH","HVK","L",10,0,0,0,2
"2018-01-01",4,"KVY","HVK","L",2,0,0,-2,2
"2018-01-01",4,"ARP","HY","L",1,0,1,0,1
"2018-01-01",4,"ARP","HY","T",14,-34,0,-2,2
"2018-01-01",4,"KHK","ILA","M",0,-8,1,0,1
"2018-01-01",4,"PSL","ILA","L",1,0,0,0,1
"2018-01-01",4,"LTS","ITA","T",0,-25,0,-1,1
"2018-01-01",4,"PLP","JK","L",1,0,0,0,1
"2018-01-01",4,"PLP","JK","T",0,-35,0,-1,1
"2018-01-01",4,"KHI","JNS","T",0,-15,0,0,1
"2018-01-01",4,"SAU","JP","L",1,0,0,0,1
"2018-01-01",4,"SAU","JP","T",0,-37,0,-1,1
"2018-01-01",4,"JRI","JRI","T",0,-9,0,0,1
"2018-01-01",4,"JRS","JRS","M",1,0,0,0,1
"2018-01-01",4,"VKH","JRS","L",3,0,0,0,1
"2018-01-01",4,"LPR","JÄS","T",0,-10,0,-1,1
"2018-01-01",4,"KYT","KE","L",1,0,1,0,1
"2018-01-01",4,"KYT","KE","T",0,-41,0,-2,1
"2018-01-01",4,"KIL","KEA","L",3,0,0,0,1
"2018-01-01",4,"KNI","KEA","M",0,-5,0,-1,1
"2018-01-01",4,"OU","KGS","M",33,0,0,-1,1
"2018-01-01",4,"SVI","KHG","M",0,-9,0,0,1
"2018-01-01",4,"ILA","KHK","L",1,0,0,0,1
"2018-01-01",4,"KHK","KHK","L",4,0,0,0,1
"2018-01-01",4,"KEA","KIL","M",0,-5,0,0,1
"2018-01-01",4,"LPV","KIL","L",3,0,0,0,1
"2018-01-01",4,"PUS","KIT","T",0,-63,0,-4,1
"2018-01-01",4,"KPA","KJR","T",0,-13,0,0,1
"2018-01-01",4,"EPO","KLH","L",3,0,0,-1,1
"2018-01-01",4,"KLH","KLH","M",0,-1,0,0,1
"2018-01-01",4,"KLV","KLV","T",0,-26,0,0,1
"2018-01-01",4,"MTV","KLV","M",0,-6,0,0,1
"2018-01-01",4,"KEA","KNI","L",4,0,0,0,1
"2018-01-01",4,"KLV","KNS","M",0,-8,0,-2,1
"2018-01-01",4,"YKST","KOK","T",0,-27,0,-11,1
"2018-01-01",4,"KTH","KPA","T",0,-13,0,0,1
"2018-01-01",4,"HNA","KRS","L",9,0,1,-1,2
"2018-01-01",4,"KRS","KRS","M",0,0,0,0,1
"2018-01-01",4,"SAV","KRS","L",2,0,0,0,2
"2018-01-01",4,"HIR","KSA","T",0,-55,0,-4,1
"2018-01-01",4,"UTI","KTH","T",0,-13,1,0,1
"2018-01-01",4,"KU","KU","T",0,-26,0,0,1
"2018-01-01",4,"TL","KU","T",12,-14,0,0,2
"2018-01-01",4,"KUA","KUA","M",36,0,0,0,1
"2018-01-01",4,"KUV","KUV","T",0,-13,0,0,1
"2018-01-01",4,"KVT","KUV","T",0,-12,0,-1,1
"2018-01-01",4,"KNI","KVH","L",4,0,0,0,1
"2018-01-01",4,"KVH","KVH","M",0,-3,0,0,1
"2018-01-01",4,"PTO","KVJ","T",0,-1,0,-2,1
"2018-01-01",4,"KV","KVLA","T",2,0,0,-3,1
"2018-01-01",4,"KVLA","KVT","T",6,-12,3,-6,3
"2018-01-01",4,"RKL","KVY","L",2,0,0,-2,2
"2018-01-01",4,"RKL","KVY","M",0,0,0,0,1
"2018-01-01",4,"AIN","KYT","L",0,0,0,-2,1
"2018-01-01",4,"AIN","KYT","T",0,-39,0,-1,1
"2018-01-01",4,"HKI","KÄP","L",3,0,1,0,1
"2018-01-01",4,"OLK","KÄP","L",1,0,0,0,1
"2018-01-01",4,"OLK","KÄP","M",0,-4,0,-2,1
"2018-01-01",4,"PSL","KÄP","L",3,0,0,0,1
"2018-01-01",4,"TU","LK","M",0,-39,0,-1,1
"2018-01-01",4,"MYT","LKL","T",0,-38,0,-1,1
"2018-01-01",4,"LO","LO","M",1,0,0,0,1
"2018-01-01",4,"HAU","LOL","T",0,-83,0,-4,1
"2018-01-01",4,"LÄP","LPR","T",0,-10,0,-1,1
"2018-01-01",4,"KIL","LPV","M",0,-6,0,-1,1
"2018-01-01",4,"MÄK","LPV","L",2,0,0,0,1
"2018-01-01",4,"LPÄ","LPÄ","T",13,0,0,0,1
"2018-01-01",4,"MAT","LPÄ","T",0,-30,0,-1,1
"2018-01-01",4,"TAP","LR","T",0,-21,1,0,1
"2018-01-01",4,"PRL","LTS","T",0,-24,0,0,1
"2018-01-01",4,"TV","LÄP","T",0,-9,0,-1,1
"2018-01-01",4,"KLH","MAS","L",3,0,0,0,1
"2018-01-01",4,"VKH","MAS","M",0,0,0,-1,1
"2018-01-01",4,"LPÄ","MAT","T",0,-14,0,-1,1
"2018-01-01",4,"VIA","MAT","T",0,-29,0,0,1
"2018-01-01",4,"PKL","MH","T",0,-7,0,-8,1
"2018-01-01",4,"MI","MI","T",0,-44,4,0,1
"2018-01-01",4,"ROI","MIS","T",0,0,0,-6,1
"2018-01-01",4,"PMK","ML","L",5,0,0,0,1
"2018-01-01",4,"TNA","ML","L",1,0,0,0,1
"2018-01-01",4,"TNA","ML","M",0,-1,0,0,1
"2018-01-01",4,"KOK","MTV","M",0,-6,0,0,1
"2018-01-01",4,"KOK","MTV","T",0,-25,2,0,1
"2018-01-01",4,"MR","MYT","T",0,-37,0,-1,1
"2018-01-01",4,"LPV","MÄK","L",4,0,0,0,1
"2018-01-01",4,"LPV","MÄK","M",0,-7,0,-1,1
"2018-01-01",4,"PJM","MÄK","L",2,0,0,0,1
"2018-01-01",4,"RM","NM","M",2,0,0,-2,1
"2018-01-01",4,"KÄP","OLK","L",6,0,0,0,2
"2018-01-01",4,"PMK","OLK","L",1,0,0,-1,1
"2018-01-01",4,"PMK","OLK","M",0,-2,0,0,1
"2018-01-01",4,"LKL","OT","T",0,-40,0,-2,1
"2018-01-01",4,"MÄK","PJM","L",4,0,0,0,1
"2018-01-01",4,"MÄK","PJM","M",0,-8,0,-1,1
"2018-01-01",4,"VMO","PJM","L",2,0,0,0,1
"2018-01-01",4,"NOK","PKL","T",1,0,0,-8,1
"2018-01-01",4,"TKL","PLA","L",1,0,0,0,1
"2018-01-01",4,"TKL","PLA","M",0,-1,0,0,1
"2018-01-01",4,"TNA","PLA","L",8,0,0,0,2
"2018-01-01",4,"HY","PLP","L",1,0,0,0,1
"2018-01-01",4,"HY","PLP","T",0,-34,0,-1,1
"2018-01-01",4,"LOL","PM","T",0,-84,0,-1,1
"2018-01-01",4,"ML","PMK","L",1,0,0,-1,1
"2018-01-01",4,"ML","PMK","M",0,-2,0,-1,1
"2018-01-01",4,"OLK","PMK","L",6,0,0,0,2
"2018-01-01",4,"HL","PRL","T",0,-24,0,0,1
"2018-01-01",4,"HKI","PSL","L",4,0,1,-1,2
"2018-01-01",4,"ILA","PSL","L",4,0,0,0,1
"2018-01-01",4,"ILA","PSL","M",0,-8,0,0,1
"2018-01-01",4,"KÄP","PSL","L",1,0,0,0,1
"2018-01-01",4,"KÄP","PSL","M",0,-6,0,-2,1
"2018-01-01",4,"KON","PTO","T",0,0,1,0,1
"2018-01-01",4,"JK","PUR","L",1,0,0,0,1
"2018-01-01",4,"JK","PUR","T",0,-36,0,-1,1
"2018-01-01",4,"HVN","RKI","M",59,0,0,-1,1
"2018-01-01",4,"HNA","RKL","L",3,0,1,0,2
"2018-01-01",4,"HNA","RKL","M",0,0,0,0,1
"2018-01-01",4,"KVY","RKL","L",9,0,0,-1,2
"2018-01-01",4,"HY","RM","T",10,0,0,-4,1
"2018-01-01",4,"LK","RY","M",0,-39,0,0,1
"2018-01-01",4,"RY","SAM","M",0,-39,0,0,1
"2018-01-01",4,"PUR","SAU","L",1,0,0,0,1
"2018-01-01",4,"PUR","SAU","T",0,-36,0,0,1
"2018-01-01",4,"KE","SAV","L",2,0,0,0,2
"2018-01-01",4,"KE","SAV","M",1,0,0,0,1
"2018-01-01",4,"KRS","SAV","L",11,0,0,-1,2
"2018-01-01",4,"TOI","SOR","M",0,-19,0,0,1
"2018-01-01",4,"ELA","SVI","M",0,-9,0,0,1
"2018-01-01",4,"KIT","SÄ","T",0,-64,0,-1,1
"2018-01-01",4,"RKI","TJA","M",58,0,0,-1,1
"2018-01-01",4,"TKK","TKK","T",0,-66,3,0,1
"2018-01-01",4,"HKH","TKL","L",1,0,0,0,1
"2018-01-01",4,"PLA","TKL","L",8,0,0,0,2
"2018-01-01",4,"VIA","TL","T",12,-14,0,0,2
"2018-01-01",4,"ML","TNA","L",5,0,0,-1,1
"2018-01-01",4,"PLA","TNA","L",1,0,0,0,1
"2018-01-01",4,"PLA","TNA","M",0,-1,0,0,1
"2018-01-01",4,"SIJ","TOI","M",0,-16,2,0,1
"2018-01-01",4,"HEK","TOL","L",2,0,0,0,1
"2018-01-01",4,"KKN","TOL","M",3,0,0,0,1
"2018-01-01",4,"VKA","TPET","T",17,-7,0,-13,2
"2018-01-01",4,"EPO","TRL","M",0,-2,0,-1,1
"2018-01-01",4,"KVH","TRL","L",4,0,0,0,1
"2018-01-01",4,"TRÄ","TRÄ","T",0,-21,0,0,1
"2018-01-01",4,"HRV","TU","M",0,-38,0,-1,1
"2018-01-01",4,"LK","TU","T",0,-23,0,-1,1
"2018-01-01",4,"TRK","TV","T",0,-8,0,-4,1
"2018-01-01",4,"KVJ","VAA","T",0,-20,0,-5,1
"2018-01-01",4,"MAT","VIA","T",12,-14,0,-1,2
"2018-01-01",4,"TL","VIA","T",0,-29,0,-2,1
"2018-01-01",4,"VIH","VIH","M",0,-6,0,0,1
"2018-01-01",4,"ITA","VIN","T",0,-25,0,0,1
"2018-01-01",4,"MAS","VKH","L",3,0,0,0,1
"2018-01-01",4,"HPL","VMO","L",2,0,0,0,1
"2018-01-01",4,"PJM","VMO","L",4,0,0,0,1
"2018-01-01",4,"PJM","VMO","M",0,-8,0,0,1
"2018-01-01",4,"AHO","VTI","M",53,0,0,-1,1
"2018-01-01",4,"SJ","VTR","T",13,0,0,-1,1
"2018-01-01",4,"VTR","VTR","T",0,-12,0,0,1
"2018-01-01",4,"VNJ","YLY","M",0,-9,0,-1,1
"2018-01-01",5,"JP","AIN","L",1,0,0,0,1
"2018-01-01",5,"KYT","AIN","L",7,0,0,-1,1
"2018-01-01",5,"HY","ARP","L",4,0,0,-1,1
"2018-01-01",5,"RI","ARP","L",0,0,0,-1,1
"2018-01-01",5,"VMS","AVP","L",3,0,0,-1,2
"2018-01-01",5,"KNS","ELA","T",0,-30,0,-1,1
"2018-01-01",5,"KLH","EPO","M",0,-2,0,0,1
"2018-01-01",5,"TRL","EPO","L",1,0,0,0,1
"2018-01-01",5,"HK","HAS","M",0,0,0,-1,1
"2018-01-01",5,"JRS","HEK","L",0,0,0,0,1
"2018-01-01",5,"KEK","HK","M",1,0,0,0,1
"2018-01-01",5,"TKL","HKH","L",6,0,0,0,2
"2018-01-01",5,"PRL","HL","T",9,-15,0,-3,2
"2018-01-01",5,"KRS","HNA","L",1,0,0,0,1
"2018-01-01",5,"HOS","HOS","T",0,0,14,0,1
"2018-01-01",5,"MSS","HOS","T",0,-13,0,-6,1
"2018-01-01",5,"HPL","HPL","M",0,-8,0,0,1
"2018-01-01",5,"KHK","HPL","L",1,0,0,0,1
"2018-01-01",5,"POH","HPL","L",0,-1,0,-1,1
"2018-01-01",5,"JR","HR","M",0,-2,0,-1,1
"2018-01-01",5,"HL","HRV","T",0,-39,0,-3,2
"2018-01-01",5,"HVK","HVK","L",6,0,0,0,2
"2018-01-01",5,"KVY","HVK","L",1,0,0,-1,1
"2018-01-01",5,"ARP","HY","L",0,0,0,0,1
"2018-01-01",5,"KHK","ILA","L",0,-1,0,0,1
"2018-01-01",5,"KHK","ILA","M",0,-7,1,0,1
"2018-01-01",5,"PSL","ILA","L",1,0,0,0,1
"2018-01-01",5,"RAH","IMR","T",0,-57,0,-3,1
"2018-01-01",5,"ITA","ITA","T",12,0,0,0,1
"2018-01-01",5,"VIN","ITA","T",0,-14,0,0,1
"2018-01-01",5,"PLP","JK","L",0,0,0,0,1
"2018-01-01",5,"PUR","JK","L",7,0,0,-2,1
"2018-01-01",5,"AIN","JP","L",8,0,1,0,1
"2018-01-01",5,"SAU","JP","L",0,0,0,-1,1
"2018-01-01",5,"LAA","JR","M",0,-1,0,0,1
"2018-01-01",5,"KY","JRI","T",0,-37,0,-1,2
"2018-01-01",5,"HEK","JRS","M",1,0,0,-1,1
"2018-01-01",5,"VKH","JRS","L",0,0,0,0,1
"2018-01-01",5,"JTS","JTS","T",0,-33,0,0,1
"2018-01-01",5,"MKO","JTS","T",0,-39,0,0,1
"2018-01-01",5,"MLA","JUT","M",0,0,0,0,1
"2018-01-01",5,"MLO","KAN","L",0,0,0,0,1
"2018-01-01",5,"KYT","KE","L",1,0,2,0,1
"2018-01-01",5,"SAV","KE","L",8,0,0,-1,1
"2018-01-01",5,"KIL","KEA","L",1,0,0,0,1
"2018-01-01",5,"KNI","KEA","M",0,-5,0,-1,1
"2018-01-01",5,"RI","KEK","M",1,0,0,0,1
"2018-01-01",5,"SVI","KHG","T",0,-32,0,0,1
"2018-01-01",5,"HPL","KHK","L",0,-1,0,0,1
"2018-01-01",5,"ILA","KHK","L",1,0,0,0,1
"2018-01-01",5,"KEA","KIL","M",0,-5,0,0,1
"2018-01-01",5,"LPV","KIL","L",1,0,0,0,1
"2018-01-01",5,"KPA","KJR","T",0,-35,0,-1,2
"2018-01-01",5,"EPO","KLH","L",1,0,0,-1,1
"2018-01-01",5,"MAS","KLH","M",0,-2,0,-2,1
"2018-01-01",5,"KEA","KNI","L",1,0,0,0,1
"2018-01-01",5,"KVH","KNI","M",0,-4,0,-1,1
"2018-01-01",5,"RPA","KNS","T",0,-29,0,-2,1
"2018-01-01",5,"KTH","KPA","T",0,-34,0,-1,2
"2018-01-01",5,"MSO","KR","T",0,-1,0,-5,1
"2018-01-01",5,"LO","KRN","T",5,0,0,-2,1
"2018-01-01",5,"SAV","KRS","L",1,0,0,0,1
"2018-01-01",5,"UTI","KTH","T",0,-40,0,-3,3
"2018-01-01",5,"RSM","KTÖ","L",3,0,0,0,2
"2018-01-01",5,"OIK","KUV","T",0,-23,0,-4,2
"2018-01-01",5,"KNI","KVH","L",1,0,0,0,1
"2018-01-01",5,"TRL","KVH","M",0,-3,0,0,1
"2018-01-01",5,"RKL","KVY","L",1,0,0,-1,1
"2018-01-01",5,"HOS","KY","T",0,-6,0,-1,1
"2018-01-01",5,"AIN","KYT","L",0,-1,0,-2,1
"2018-01-01",5,"KE","KYT","L",8,0,0,0,1
"2018-01-01",5,"HKI","KÄP","L",2,0,1,0,2
"2018-01-01",5,"OLK","KÄP","L",3,0,0,0,1
"2018-01-01",5,"JUT","LAA","M",0,-1,0,-1,1
"2018-01-01",5,"VRI","LAU","M",0,-6,0,-1,1
"2018-01-01",5,"LAV","LAV","L",1,0,0,0,1
"2018-01-01",5,"VKS","LAV","L",2,0,0,0,1
"2018-01-01",5,"LNÄ","LEN","L",5,0,0,0,2
"2018-01-01",5,"TU","LK","T",0,-51,0,-3,2
"2018-01-01",5,"ASO","LNÄ","L",5,0,0,0,2
"2018-01-01",5,"MRL","LOH","L",0,0,0,-1,1
"2018-01-01",5,"HAU","LOL","T",0,-77,0,-5,1
"2018-01-01",5,"KIL","LPV","M",0,-6,0,-1,1
"2018-01-01",14,"SJ","SJ","K",1,0,0,0,1